iteration,model__n_estimators,model__min_samples_split,model__min_samples_leaf,model__max_features,model__max_depth,model__bootstrap,mean_log_loss,std_log_loss,min_log_loss,max_log_loss,mean_brier_score,std_brier_score,min_brier_score,max_brier_score,mean_roc_auc,std_roc_auc,min_roc_auc,max_roc_auc,mean_accuracy,std_accuracy,min_accuracy,max_accuracy,mean_balanced_accuracy,std_balanced_accuracy,min_balanced_accuracy,max_balanced_accuracy,rank
44,500,10,30,0.5,20.0,True,0.5317744495354456,0.02800448208136084,0.4963352130556667,0.5739222183335975,0.17760358653614433,0.01183746102704523,0.16287780799927196,0.19562932397013438,0.7895974963306288,0.02856665800959052,0.7412774239207361,0.8157192004741913,0.727378551232185,0.023458694377960772,0.6885245901639344,0.7511792452830188,0.6944732078963209,0.025247031127665905,0.6524062278839349,0.7185069081620805,1
34,1000,10,30,0.5,12.0,True,0.5319000416282336,0.028009567995663478,0.4965272477472607,0.5741686724859365,0.17761975701273686,0.011799862455503421,0.16304990170216613,0.19565218366319928,0.7895796847769102,0.028541494977704588,0.741206652512385,0.8152975612140766,0.7269186734028112,0.023848988588229775,0.6873536299765808,0.75,0.6932074656313021,0.025454313813909345,0.6501474404340646,0.7160473458114112,2
43,500,5,25,0.5,20.0,True,0.5321379927861165,0.029124465485888706,0.49578837341324056,0.5766542847396474,0.17776290754478807,0.012300719487307866,0.16272497158916932,0.1967354050168482,0.7893256315602544,0.029439394178733737,0.7393842887473461,0.8156275397654709,0.7249082628285144,0.02696304854734885,0.6791569086651054,0.7488207547169812,0.6925206387988375,0.028815455064305787,0.6436659589525832,0.7159159654622449,3
35,1000,10,25,0.5,20.0,True,0.5322082526486387,0.02924342143812357,0.4955895826371024,0.5767596333171794,0.17781211794275073,0.012287403516424116,0.16275843796595205,0.19672104468214405,0.7891437560823049,0.029480489923927825,0.7392073602264686,0.8158169718968269,0.7246573839154016,0.02546731842175893,0.6838407494145199,0.7523584905660378,0.6915087440744487,0.026269187698773164,0.648036093418259,0.7186382885112468,4
5,750,10,25,0.5,,True,0.5322630905465523,0.02900872358648043,0.49566163887499254,0.5761585706868948,0.17780587260001915,0.01221283202881617,0.16276149153343075,0.19652580453600224,0.7891253844962198,0.02923347018982582,0.7396201934418494,0.8156458719072149,0.7251587850646921,0.025498234339067612,0.6826697892271663,0.75,0.6921424526809726,0.026690724835638092,0.6471101674923331,0.7160473458114112,5
47,500,20,15,0.25,20.0,True,0.5324687757772479,0.024529455283296225,0.49971516364716007,0.5679915672225684,0.1780289557004508,0.010205976983506346,0.16457619441864746,0.1929073892831314,0.789484785280236,0.02551361651220486,0.7469568294409059,0.8149492505209384,0.7296886101658131,0.023033121148413008,0.6943793911007026,0.7582547169811321,0.6959039826585298,0.024070538669244013,0.6577022882755367,0.7239515542600843,6
10,500,5,30,0.25,,False,0.5328739618832216,0.025224285473310782,0.49920619221378787,0.5690184988764636,0.17822507868774273,0.010465923525552059,0.16452250581094266,0.19337030032168223,0.7888232369642372,0.026307689509738087,0.7447983014861996,0.8145581648303971,0.7279183532597971,0.020427759642847612,0.6943793911007026,0.7464622641509434,0.6934496018113212,0.02402067564113622,0.6523708421797594,0.7133250227624093,7
53,500,20,30,0.25,12.0,False,0.5329758661861272,0.02531102191381735,0.49933640506228755,0.5694390454462075,0.1782310464320237,0.010473927630230497,0.164546672993721,0.19343080564764287,0.7887647815131427,0.02643235223807119,0.7445093182354329,0.8145642755443119,0.7256916909781266,0.019850512177505025,0.6932084309133489,0.7452830188679245,0.6906839117613166,0.02318374181892433,0.6514449162538334,0.7116415210789077,8
41,750,20,25,0.25,,True,0.5332572529236412,0.02331428035823731,0.5006872427288832,0.56550210702601,0.1782471226523354,0.00974287210675639,0.16468036238636455,0.1916748889361147,0.7888988560416692,0.024530106438286094,0.7483958480773767,0.8144726148355912,0.7279598793464659,0.019741746329752462,0.7014051522248244,0.7547169811320755,0.6913336440406763,0.021291185853821625,0.6592592592592592,0.7189010492095792,9
1,1000,20,5,0.5,8.0,True,0.5333353758856161,0.028169925444276177,0.4992907099998997,0.5771435881295038,0.17785077321719756,0.012053362275400404,0.1635279129729018,0.19670090310758848,0.7884826491024238,0.029238408191277186,0.7386765746638358,0.8134399041840059,0.7297675142578142,0.02223916964347321,0.6920374707259953,0.7488207547169812,0.6960566543674426,0.025496055681052756,0.652518282613824,0.7159159654622449,10
57,1000,2,10,0.25,,True,0.5334194582936693,0.026375120620826167,0.49791013197948886,0.5713865054080116,0.1783264002984052,0.011078876618502395,0.16373692143735313,0.1945109586845405,0.7886311596982122,0.027054753454092067,0.7438487850908233,0.8165685897083357,0.7250681356216218,0.021724435727501084,0.6908665105386417,0.7488207547169812,0.6907256526195502,0.023386203839094382,0.6515923566878981,0.7135877834607417,11
11,500,10,30,0.25,16.0,True,0.5335272754623998,0.022648220015845547,0.502311596877995,0.5653001697841845,0.17831323399083995,0.009452967493022279,0.16535107865114052,0.19158013629034512,0.7888425611833665,0.023760548704635034,0.7492569002123144,0.8125110756689704,0.7311100925893443,0.020563507875939063,0.702576112412178,0.7594339622641509,0.6952775131496358,0.023306861466210728,0.6595187544232131,0.7248589952764182,12
16,1000,10,25,0.25,12.0,False,0.5337416854605548,0.02601020228232264,0.49992602916018963,0.5717283257915706,0.17855319473204528,0.010754535289772224,0.1648425808421545,0.19442828165355913,0.7876685299096462,0.027113532058190365,0.742173861759849,0.8137698827354001,0.724731788782635,0.021318712365112753,0.6920374707259953,0.7452830188679245,0.6895340051013532,0.022850613557411237,0.6511854210898798,0.7093133390774045,13
52,1000,30,20,0.25,12.0,False,0.5340321778731779,0.02691744058147427,0.49941667251319083,0.5736665953255079,0.17866552665334867,0.011182437494779936,0.16461545881855652,0.19536299103109364,0.7875384973825161,0.028052938397360012,0.7404399622552489,0.8144726148355912,0.7238926856410636,0.02192432195199658,0.6885245901639344,0.7452830188679245,0.6887825209295361,0.024423436378087214,0.6470747817881576,0.7093133390774045,14
19,750,30,20,0.25,30.0,False,0.5341614227375289,0.02666896518256347,0.5001750998395229,0.5736738453932093,0.17872091077265667,0.011041753581396273,0.16499715394240272,0.19531268070492175,0.7874881085887583,0.02798369783392927,0.7402866242038217,0.8135621184623,0.7249387258565427,0.02084637516497553,0.6908665105386417,0.7429245283018868,0.6899072763733611,0.023341406052519272,0.6495930644019816,0.705946335710401,15
24,1000,10,15,0.75,30.0,True,0.5342150892576223,0.03412364088552898,0.4945088347843984,0.588217886682284,0.17871004374464988,0.014394400120684018,0.16235835522851275,0.20166601013051344,0.7880449311929909,0.03322722880041528,0.7315581505071951,0.8172346575250387,0.7234075168692948,0.030387276311021737,0.6721311475409836,0.75,0.6912729663697681,0.03184202261435567,0.6367775418730832,0.7168234064785789,16
4,500,20,25,0.25,8.0,False,0.5342775822923811,0.024488936586682983,0.5013015814202424,0.5692584073957538,0.17847082904888553,0.010183765073358636,0.1649245305991232,0.1931320658813301,0.7878138201382814,0.025873280876121087,0.7444149563576314,0.8127799470812174,0.7249373490733702,0.02021234086187724,0.6920374707259953,0.7441037735849056,0.6888515561553246,0.022872881537547216,0.6498525595659354,0.7084058980610705,17
54,1000,30,25,0.25,8.0,False,0.5342804525767408,0.024729858210315037,0.5010985167863385,0.5696224039830663,0.17851290627574437,0.010301631553692603,0.1648937557973359,0.193371216872856,0.7876305929223242,0.026356366449406997,0.7433297947629158,0.8127860577951322,0.725229059582408,0.01935003917421362,0.6943793911007026,0.7464622641509434,0.6892076717808029,0.022297345933418117,0.6517044114177872,0.7102207800937383,18
58,1000,10,15,0.75,16.0,True,0.534302404912619,0.03428230285180063,0.49444269902150684,0.5885562649597653,0.1787355892015016,0.01445892090599851,0.16232612868385307,0.2017943622481626,0.787971337798429,0.033427428213140764,0.7311335220570889,0.817289653950271,0.7238244823972639,0.028817088753040888,0.6756440281030445,0.75,0.6917400880786067,0.029798699132870678,0.6408881811748054,0.7168234064785789,19
39,750,30,15,0.75,30.0,True,0.5343927757341713,0.0345391279095343,0.4943068238568184,0.5891747030409361,0.17876115663990982,0.014517898868553137,0.16233878366909316,0.2019764573627763,0.7879224131060041,0.03351929389474623,0.7309271054493984,0.8172957646641857,0.7259622408942868,0.0288079770228146,0.6768149882903981,0.75,0.6942213671265351,0.030681353110202307,0.6418141071007313,0.7175994671457466,20
2,750,5,10,0.5,,True,0.5350435092870607,0.03277807870714931,0.4962245748657725,0.5865029820526746,0.17885220721753517,0.013827654964115865,0.16294494128091294,0.20077947935693585,0.7871877112927208,0.033024282178098906,0.7311040339702759,0.8164830397135298,0.723691971820468,0.026918640568488975,0.6779859484777517,0.7452830188679245,0.6914934443882244,0.028340602789725774,0.6427400330266573,0.7124175817460754,21
23,750,2,30,1.0,16.0,True,0.5351282315468191,0.034802810144566494,0.4926365832701175,0.5887566917898471,0.17912216366855077,0.014569820047708557,0.16175137919943017,0.2018247287175572,0.7870754580004657,0.032930258116876276,0.7314343005425809,0.817436311084224,0.7258781619499006,0.03046693779747435,0.6733021077283372,0.7476415094339622,0.6948720338106291,0.03230144220154521,0.6403691908468978,0.7205111264180384,22
45,750,20,15,0.25,20.0,False,0.5352610745422897,0.028777279464415426,0.49850292126785956,0.5776947110537656,0.17909307898749444,0.011872951695565438,0.1644672298382606,0.19697805040372263,0.7864459061563132,0.02942477592827958,0.7374026893135174,0.8156092076237267,0.7201514729735032,0.01997599672137657,0.6885245901639344,0.7393867924528302,0.6860550971291864,0.020852714138640836,0.6504069355980184,0.7032240126613992,23
42,750,10,20,1.0,12.0,True,0.5354556054592352,0.035084575699101776,0.4939898911242766,0.5905165307534649,0.17924825807974767,0.014786470935359564,0.16227121379035025,0.2026995668000745,0.7871860828658701,0.03326411086805972,0.7307383816937956,0.8168802361179858,0.7250829790176558,0.030143128293406374,0.6733021077283372,0.7464622641509434,0.6934381109326577,0.030891901680074375,0.6403691908468978,0.7148771440967447,24
17,500,30,15,0.25,16.0,False,0.535468274018217,0.028372179481229238,0.4996452648754111,0.5777674892966059,0.17911619762674402,0.011772712635479772,0.16480418858765153,0.1970546332839622,0.7862983587062492,0.029560271044991617,0.7367185656994573,0.8147598183895824,0.723468476753545,0.02062541843126475,0.689695550351288,0.7441037735849056,0.6891515289760263,0.022620652818649337,0.6506664307619722,0.7084058980610705,25
60,1000,20,20,1.0,16.0,True,0.5356175303169599,0.03548200289302389,0.4939710460594595,0.591451001086699,0.17934339280985045,0.014933823118155568,0.1622964692818121,0.20306702531168058,0.7870541162699491,0.033697972772911776,0.7297711724463316,0.8167030254144592,0.7228171997370416,0.029796643877638015,0.6721311475409836,0.7452830188679245,0.6908690289259896,0.03026087213779801,0.6387768341589998,0.7131936424132431,26
37,500,2,20,1.0,,True,0.5357944980748596,0.03534895420046964,0.493592288104733,0.5909923460549589,0.17938414299373312,0.014875771760259815,0.16217423861459504,0.20290983156542697,0.7870961552476833,0.03330880262663651,0.7306086341118189,0.816978007540621,0.7253369493109223,0.02997718662312973,0.6744730679156908,0.7476415094339622,0.6935441288504876,0.030291903089230136,0.6412951167728238,0.715008524445911,27
40,750,5,15,1.0,12.0,True,0.5360484481620815,0.03534936377128003,0.49583300706359684,0.5923384387388791,0.1794154735188965,0.014904681002713058,0.16288926814165397,0.20333637365270407,0.7867837308524951,0.033501993941452174,0.7297357867421562,0.8158047504689974,0.7234019853399746,0.028807000200763447,0.6744730679156908,0.7455830388692579,0.6906866739586721,0.029290808075847292,0.6399622552488795,0.7084077203143231,28
28,1000,30,15,1.0,,True,0.5363631063564781,0.03576142962430496,0.49568407919359725,0.5932875400818043,0.17956618948619785,0.015091463100661884,0.16284343106314467,0.20377335518726936,0.7863800691678475,0.033972833954574864,0.7285562632696392,0.8159025218916326,0.7243244945650669,0.029081388907821755,0.6744730679156908,0.7455830388692579,0.6918056692955377,0.029619097611715387,0.6406286860108517,0.7122172708998131,29
30,1000,5,15,1.0,,True,0.5363631063564781,0.03576142962430496,0.49568407919359725,0.5932875400818043,0.17956618948619785,0.015091463100661867,0.16284343106314475,0.20377335518726936,0.7863800691678475,0.033972833954574864,0.7285562632696392,0.8159025218916326,0.7243244945650669,0.029081388907821755,0.6744730679156908,0.7455830388692579,0.6918056692955377,0.029619097611715387,0.6406286860108517,0.7122172708998131,30
6,750,30,25,0.5,8.0,False,0.5364132122260479,0.03127518299628575,0.5004203941340445,0.5856330006820383,0.17931427950749657,0.013266223105508557,0.16479030906857317,0.20062831367089626,0.785633055637746,0.03204633887406715,0.7307029959896202,0.8114355900199821,0.7251598146024927,0.025925192177154523,0.6814988290398126,0.7476415094339622,0.6923358014361486,0.028503327275592225,0.6435185185185186,0.715008524445911,31
15,1000,10,20,0.5,8.0,False,0.5368880042911244,0.03203305545843366,0.5009685027007167,0.5878882118669408,0.17945761456324089,0.01361945334966466,0.16477452301879883,0.2014698590730904,0.7850130097349048,0.032920953495810416,0.7285562632696392,0.8113683721669203,0.725288182631456,0.02637817990043099,0.6814988290398126,0.75,0.6920075611846328,0.027985133818674304,0.6441849492804907,0.7152712851442434,32
49,1000,5,25,0.5,16.0,False,0.5369642388778534,0.03358782911721204,0.4985126615289391,0.5899845350503496,0.17977429125223005,0.014181201774655629,0.16442440091248917,0.20264758203097627,0.7855150935479305,0.033593733742428654,0.7280667610285444,0.8133604649031146,0.7221064646244335,0.03134401746027822,0.6686182669789227,0.7476415094339622,0.6894443399472998,0.033858656399746924,0.6313340410474169,0.715008524445911,33
3,500,2,20,0.5,,False,0.5373662520511703,0.03450703444396579,0.4996661143669081,0.5929481015559506,0.18002458467058144,0.014546209554193409,0.16489166730888305,0.20379204390399097,0.7852472145647502,0.034361159079215484,0.7263446567586695,0.8128410542203646,0.7212652685790675,0.029031296012895218,0.6733021077283372,0.7464622641509434,0.6884173562526368,0.030377010371035695,0.6363706062750649,0.7125489620952417,34
14,1000,2,20,0.5,,False,0.5374059614513245,0.0345133163712496,0.4988929990453504,0.5925107558054059,0.17997419684059887,0.01451479091809285,0.16461347080886712,0.20354982164289245,0.7852774379341193,0.03427730454296237,0.7266336400094362,0.8135193434648971,0.7238663529625526,0.02969296825514521,0.6733021077283372,0.7476415094339622,0.690897833269364,0.0315913265712507,0.6363706062750649,0.7126803424444077,35
21,750,30,10,0.5,8.0,False,0.5376065068298619,0.030982922560002412,0.5037728010087137,0.5870439424791836,0.17945859503403372,0.013263807113145782,0.16551062749229264,0.2009354812819921,0.7846986521255227,0.03289828570456786,0.7282613824015098,0.810830629342426,0.7258310976691001,0.024595300199725858,0.6861826697892272,0.75,0.6923655045310833,0.027337319085655495,0.6458893606982778,0.7160473458114112,36
20,500,30,5,0.75,16.0,True,0.5379334851358083,0.03223581224213996,0.5008097320329029,0.5891894078662764,0.17985248534548187,0.013762823068800285,0.16403754653083524,0.2016313835514137,0.7853418837852676,0.03192833553588838,0.731033262561925,0.8132749149083087,0.7232331357272102,0.02762317085367623,0.6768149882903981,0.7476415094339622,0.691288612884571,0.02856935872096289,0.6424805378627034,0.7142324637787433,37
46,750,5,5,0.5,30.0,True,0.5384221913656995,0.03287483070505694,0.49970134638431435,0.5901503668485344,0.1799329341467075,0.013889660743771785,0.16415201309900165,0.20204568771665946,0.7850817228700007,0.03319795178013623,0.7288039631988676,0.8149614719487678,0.7245355863851224,0.030555287128319113,0.6721311475409836,0.7488207547169812,0.6926880518345646,0.034201476462235876,0.6347782495871668,0.7182689739516708,38
9,750,5,5,0.25,12.0,False,0.539018237893516,0.027730588740029902,0.5054392401889228,0.5812041338496381,0.18035825384174362,0.011860111505986476,0.16633706670343984,0.19857560425574816,0.783480103011901,0.029391574500671674,0.733834630809153,0.8104517650797142,0.7216231110579886,0.02061396088114338,0.689695550351288,0.7429245283018868,0.6879668920036753,0.022550589718535276,0.65,0.7090505783790719,39
32,500,5,15,0.5,12.0,False,0.5391330326438335,0.034353896525443905,0.5011319532472918,0.5940654632272805,0.180380103450136,0.014506306675331296,0.16517928118829983,0.20398168326036192,0.7837885406676727,0.03438337349067079,0.725070771408351,0.8126088470916057,0.7233704711442673,0.03152517605179137,0.6709601873536299,0.7511792452830188,0.6901612119326097,0.034049681132856696,0.6318530313753243,0.7177308474949129,40
50,1000,2,15,0.5,30.0,False,0.5393111436802791,0.03558288318836729,0.5010556879136309,0.5966028711081951,0.18060312421896058,0.01499320834710002,0.16542946081342355,0.20517438754910228,0.7835091727489609,0.03499336709422077,0.7235963670677046,0.8119122257053291,0.7242871137929825,0.02950537405654917,0.6744730679156908,0.7488207547169812,0.6916148740395667,0.03159082507384223,0.6372965322009908,0.7159159654622449,41
59,500,10,5,0.75,20.0,True,0.5407764452783848,0.03611727343310922,0.4982585852583971,0.5977293466886675,0.18082601309207902,0.015054863357418504,0.16346758285526838,0.20463076640494166,0.7833959743165075,0.03423889589513234,0.7257077140835102,0.8155847647680678,0.7235369144360587,0.031335306305535854,0.6709601873536299,0.75,0.6906808917600613,0.032316672368570304,0.6351851851851852,0.7160473458114112,42
38,500,5,5,0.75,20.0,True,0.5407764452783848,0.03611727343310922,0.4982585852583971,0.5977293466886675,0.18082601309207902,0.015054863357418496,0.1634675828552684,0.20463076640494166,0.7833959743165075,0.03423889589513234,0.7257077140835102,0.8155847647680678,0.7235369144360587,0.031335306305535854,0.6709601873536299,0.75,0.6906808917600613,0.032316672368570304,0.6351851851851852,0.7160473458114112,43
13,1000,30,10,0.5,,False,0.5412546754026364,0.03536783883759785,0.5035097943518663,0.5982404020145276,0.18122202214122585,0.014925701072541972,0.16607577279608637,0.20560535779429132,0.7825169517676444,0.03489557555505952,0.7228060863411182,0.8109956186181231,0.7208929177511687,0.030309993672673556,0.6733021077283372,0.7476415094339622,0.6879923029275292,0.031136219665000707,0.6357041755130928,0.7134564031115755,44
22,1000,2,10,0.5,16.0,False,0.5422557429509074,0.03539705533626558,0.5040772986372168,0.5992058833563382,0.18159606234599512,0.014804726160320612,0.1665671229230051,0.20577785768074006,0.7820215271843012,0.03434661637448837,0.7232719981127624,0.8101706722396377,0.7212707879100725,0.031164373086873868,0.6697892271662763,0.7476415094339622,0.6883267004532736,0.0329692401993311,0.6315935362113706,0.7119042817772401,45
18,750,5,5,1.0,,True,0.5427582532314066,0.03826088064557685,0.5005981650721114,0.6045723321164032,0.18164249724458958,0.015739593579843995,0.16446685343973083,0.20704478424496298,0.7818494380614558,0.035355629350724824,0.7217091295116773,0.8127738363673028,0.7213171482685659,0.033469589283281836,0.6651053864168618,0.7488207547169812,0.6885576713987694,0.033356831499345464,0.6312219863175277,0.7143638441279094,46
29,1000,30,30,0.75,20.0,False,0.5437868415054674,0.03912687737240658,0.501660027193909,0.6078218430380521,0.18237644647564782,0.016598598417359275,0.16531940627892866,0.2098569413001899,0.7821466906142422,0.03699760172439906,0.7189549422033499,0.8121994292593202,0.723581215718951,0.03291461611139336,0.6686182669789227,0.7558962264150944,0.6928341867909754,0.03465038662589873,0.6346661948572776,0.7236887935617518,47
12,750,30,5,0.5,20.0,False,0.5440569828414725,0.035271545137465596,0.5079401674351517,0.6018953170957917,0.18189549788707893,0.014878539240042675,0.16727989513191005,0.20641938132352328,0.7811287601190258,0.03526356242115051,0.7205355036565229,0.8084291187739463,0.719590488723135,0.030204414699842738,0.6709601873536299,0.7464622641509434,0.6873492517321721,0.030350322050990666,0.6358516159471573,0.7125489620952417,48
27,500,10,5,0.75,8.0,False,0.5511182831150897,0.035097027375285854,0.520117356189544,0.6105660518329922,0.18463417954491068,0.014449999851730216,0.17183245612451453,0.20910231419783848,0.7757467444196715,0.03526721995068424,0.7147116065109695,0.7983831050981687,0.7131353859265342,0.034937488566123824,0.6557377049180327,0.7488207547169812,0.6823549242666658,0.03659574247528943,0.6211488558622317,0.7182441474637482,49
51,1000,10,5,0.75,,False,0.5689558048910448,0.04350734565441636,0.5318402769453414,0.6431319229769139,0.19074821952279147,0.017822523666313893,0.17600697328177953,0.22106033407541237,0.7649667332348935,0.03955101167568303,0.696585279547063,0.7916246555085031,0.7065778639391637,0.03273054154494577,0.6522248243559718,0.7361601884570083,0.6758788264180369,0.031843273724354505,0.6210368011323426,0.699288130399425,50
31,750,20,30,1.0,,False,1.0136054675556205,0.22201309142368683,0.7629937466865387,1.35648137091628,0.20369694751726472,0.02132764304461911,0.17893126770437415,0.23749554121029237,0.7480939480966671,0.040362085877105464,0.6808769757018164,0.7836929488472137,0.7059121273669435,0.03373357820696454,0.6557377049180327,0.75,0.672830957441497,0.02993393842091677,0.6291460250058976,0.7137191638099079,51
48,500,10,30,1.0,16.0,False,1.013711306376233,0.22201026388135714,0.7631244602985939,1.3565903958090648,0.20371053873254089,0.021337838673622062,0.17894319196977415,0.2375308023385396,0.7481022657599998,0.04037435408559128,0.6808622316584099,0.7837173917028727,0.7059121273669435,0.03373357820696454,0.6557377049180327,0.75,0.672830957441497,0.02993393842091677,0.6291460250058976,0.7137191638099079,52
56,1000,2,25,1.0,12.0,False,1.1445093198205685,0.10380446876633401,1.0162705532590144,1.258595644514798,0.20733577402895279,0.02248597569006445,0.18317660718328047,0.24413918304293628,0.7447080985752494,0.04029737909784016,0.6758227176220807,0.7773194742341747,0.6997075224098903,0.03675514691505337,0.6416861826697893,0.7417452830188679,0.6678928792799699,0.03140634967659831,0.61603562160887,0.7003825306910607,53
55,750,2,20,1.0,30.0,False,1.6856134690507472,0.2613333847622004,1.2616681650696275,1.9045014573639636,0.21482919150503288,0.027351560056443156,0.19358002350969566,0.26168049336031324,0.7311242324801407,0.048919701245872714,0.6473873555083746,0.7699720258093538,0.6980766938247263,0.041586088115769936,0.6276346604215457,0.7346698113207547,0.6701182500927602,0.03984651195666984,0.6029252182118424,0.70425061259907,54
36,1000,10,20,1.0,,False,1.6856587180896807,0.2613579685117505,1.2616684285938036,1.9046059582271602,0.21484364162207015,0.027358279554458534,0.193585966804809,0.26170509298888084,0.7310203987616306,0.04909061082807371,0.6469863175277188,0.7699720258093538,0.6980766938247263,0.041586088115769936,0.6276346604215457,0.7346698113207547,0.6701182500927602,0.03984651195666984,0.6029252182118424,0.70425061259907,55
7,1000,30,15,1.0,20.0,False,2.0266073309236554,0.29213051304505866,1.606761449897092,2.4306980236837714,0.22646770383956283,0.025348447073382782,0.20628539844517477,0.269901545043329,0.7175725362124336,0.049214666085851004,0.6325754895022411,0.7514162812601037,0.6806848264959059,0.03786201453907038,0.617096018735363,0.7169811320754716,0.6532039656201643,0.036089417427014894,0.5912597310686483,0.681326269348048,56
8,500,30,5,1.0,12.0,False,2.4491988329127294,0.3790746622807447,1.9047695116058219,2.9559021053564405,0.23778823092806178,0.0173833748634916,0.22091943026546498,0.26675384419603104,0.7052985712078657,0.03176917196898347,0.6511795234725172,0.7289867825258025,0.6755367214990077,0.02511191585548431,0.639344262295082,0.7087264150943396,0.6431590511412915,0.028327112563432653,0.596856569945742,0.6695417575635361,57
25,750,2,10,1.0,16.0,False,2.8257964339269694,0.4258837671136875,2.4047471889380043,3.460809291120041,0.24003527804313096,0.02601255021693874,0.21859495461691655,0.28375444660488364,0.7028809514280656,0.04677328187048581,0.6232277659825429,0.7398791300787672,0.6706752615925035,0.0459898606736083,0.5936768149882904,0.7067137809187279,0.6404924985772078,0.0448445784459794,0.5660769049304082,0.6822132780180796,58
33,750,30,5,1.0,20.0,False,2.904599639844489,0.5997460546892707,2.252897162896546,3.847106755247144,0.24246808578360923,0.02357650387063213,0.2202895507598338,0.2818577921978571,0.7025167430328451,0.040191235087496724,0.6342887473460722,0.7364479642156594,0.6672805298931124,0.030788693938456152,0.6194379391100703,0.7040094339622641,0.6400666124370703,0.02681902596957144,0.596443736730361,0.6674641148325359,59
26,750,2,5,1.0,30.0,False,4.630766151995855,0.8323961355603525,3.573988072894278,5.890407475297906,0.26763247011411245,0.02884831407933521,0.24101797794972354,0.3159377817896889,0.6880925623336331,0.040897387909505076,0.6208982071243218,0.7286714368050381,0.6631449295666378,0.0318216753330943,0.6100702576112412,0.6918819188191881,0.6411056261463619,0.02484368167217327,0.6016985138004246,0.670094325034792,60
